MAP,,,,,,,,,,,,,,,,,,,,
All regions,1697,1063,95,,,,,,,,,,,,,,,,,
Northeast,5672.6,3123,250,0x4f81bd,,PA,NJ,NY,VT,NH,ME,MA,RI,CT,,,,,,
Midwest,4156.8,2502.9,200,0xbe4b48,,ND,SD,NE,KS,MN,IA,MO,WI,IL,IN,OH,MI,,,
South,3056,1965,150,0x9bbb59,,TX,OK,AR,LA,MS,AL,TN,KY,GA,FL,SC,VA,MD,WV,NC
West,2037,1342,115,0x7d60a0,,WA,OR,ID,MT,WY,NV,UT,CO,CA,AZ,NM,AK,HI,,
,,,,,,,,,,,,,,,,,,,,
SETTINGS,,,,,,,,,,,,,,,,,,,,
REGION,1,,,,,,,,,,,,,,,,,,,
DBF-ID,-,,,,,,,,,,,,,,,,,,,
GRAPH,3,,,,,,,,,,,,,,,,,,,
HELP,TRUE,,,,,,,,,,,,,,,,,,,
SEL-IND,-,,,,,,,,,,,,,,,,,,,
B-IND,-,,,,,,,,,,,,,,,,,,,
THEME,1,,,,,,,,,,,,,,,,,,,
REGION-L,AL CT DC DE LA MA MD MI MS NC NJ NH RI SC VT WV,,,,,,,,,,,,,,,,,,,
TXT-COORD,AL[x2289.65y1540.8]AK[x1948.2y1540.55]AZ[x2049.15y1515.8]AR[x2230.8y1513.05]CA[x1967y1468.7]CO[x2109.3y1466.5]CT[x2443.8y1410.05]DE[x2455.9y1443.95]DC[x2455.9y1466.75]FL[x2359.05y1588]GA[x2325.9y1541.05]HI[x2079.25y1588.3]ID[x2044.2y1404.45]IL[x2255.8y1458.85]IN[x2291.85y1449.85]IA[x2220.65y1434.5]KS[x2180.3y1474.3]KY[x2301.75y1481.05]LA[x2243.3y1595.45]ME[x2423.4y1353.8]MD[x2403.4y1466.05]MA[x2461.9y1361.95]MI[x2323.4y1380.45]MN[x2211.4y1372.3]MS[x2295.8y1584.05]MO[x2229.5y1482.5]MT[x2083.05y1369]NE[x2163.55y1438.95]NV[x2004.5y1447]NH[x2391.5y1330.2]NJ[x2413.3y1431.75]NM[x2093.65y1520.75]NY[x2364y1402]NC[x2398.15y1515.7]ND[x2151.75y1369.3]OH[x2320.55y1440.8]OK[x2181.4y1511.25]OR[x1995.2y1385.95]PA[x2350.75y1432.25]RI[x2458.65y1386.05]SC[x2375.55y1543.2]SD[x2152.4y1405.55]TN[x2284.65y1503]TX[x2167.9y1560.8]UT[x2059.15y1456.2]VT[x2362.4y1365.95]VA[x2359.05y1472.45]WA[x1996.65y1351.55]WV[x2415.3y1488.3]WI[x2244.4y1398]WY[x2095.05y1417.7]title[x156.7y462],,,,,,,,,,,,,,,,,,,
REGION-S,-,,,,,,,,,,,,,,,,,,,
GRAPH-M,FALSE,,,,,,,,,,,,,,,,,,,
TOPMENU,FALSE,,,,,,,,,,,,,,,,,,,
PLAY,FALSE,,,,,,,,,,,,,,,,,,,
FORMAT,1,,,,,,,,,,,,,,,,,,,
V-REGION,TRUE,,,,,,,,,,,,,,,,,,,
V-ICONS,TRUE,,,,,,,,,,,,,,,,,,,
V-I-VIEW,TRUE,,,,,,,,,,,,,,,,,,,
V-I-GRAPH,FALSE,,,,,,,,,,,,,,,,,,,
V-I-GRAPH2,TRUE,,,,,,,,,,,,,,,,,,,
V-I-LINK,FALSE,,,,,,,,,,,,,,,,,,,
V-I-SYMB,TRUE,,,,,,,,,,,,,,,,,,,
V-I-OPTION,TRUE,,,,,,,,,,,,,,,,,,,
V-I-TABLE,TRUE,,,,,,,,,,,,,,,,,,,
V-I-SELECT,TRUE,,,,,,,,,,,,,,,,,,,
V-I-EXP,TRUE,,,,,,,,,,,,,,,,,,,
V-I-FULLSCR,TRUE,,,,,,,,,,,,,,,,,,,
V-I-EMAIL,FALSE,,,,,,,,,,,,,,,,,,,
V-I-EMAIL2,-,,,,,,,,,,,,,,,,,,,
V-I-EMAIL3,TRUE,,,,,,,,,,,,,,,,,,,
V-I-STAR,TRUE,,,,,,,,,,,,,,,,,,,
V-IND-O,TRUE,,,,,,,,,,,,,,,,,,,
V-IND-B,FALSE,,,,,,,,,,,,,,,,,,,
V-HELP,TRUE,,,,,,,,,,,,,,,,,,,
V-STAT,TRUE,,,,,,,,,,,,,,,,,,,
V-STAT2,TRUE,,,,,,,,,,,,,,,,,,,
V-BAR-MEAN,TRUE,,,,,,,,,,,,,,,,,,,
V-TIME,TRUE,,,,,,,,,,,,,,,,,,,
V-SELND,FALSE,,,,,,,,,,,,,,,,,,,
FULLSCR,FALSE,,,,,,,,,,,,,,,,,,,
VIEW0,TRUE,,,,,,,,,,,,,,,,,,,
VIEW1,FALSE,,,,,,,,,,,,,,,,,,,
VIEW2,TRUE,,,,,,,,,,,,,,,,,,,
VIEW3,FALSE,,,,,,,,,,,,,,,,,,,
VIEW4,TRUE,,,,,,,,,,,,,,,,,,,
VIEW5,TRUE,,,,,,,,,,,,,,,,,,,
VIEW6,FALSE,,,,,,,,,,,,,,,,,,,
VIEW7,TRUE,,,,,,,,,,,,,,,,,,,
VIEW8,FALSE,,,,,,,,,,,,,,,,,,,
VIEW9,FALSE,,,,,,,,,,,,,,,,,,,
VIEW10,TRUE,,,,,,,,,,,,,,,,,,,
VIEW11,TRUE,,,,,,,,,,,,,,,,,,,
VIEW12,TRUE,,,,,,,,,,,,,,,,,,,
VIEW13,TRUE,,,,,,,,,,,,,,,,,,,
VIEW14,FALSE,,,,,,,,,,,,,,,,,,,
VIEW15,TRUE,,,,,,,,,,,,,,,,,,,
VIEW16,FALSE,,,,,,,,,,,,,,,,,,,
VIEW17,FALSE,,,,,,,,,,,,,,,,,,,
MAP-NAV,2,,,,,,,,,,,,,,,,,,,
MAP-BG-P,1,,,,,,,,,,,,,,,,,,,
MAP-GR,1,,,,,,,,,,,,,,,,,,,
MAP-TITLE,-,,,,,,,,,,,,,,,,,,,
MAP-TITLE-S,19,,,,,,,,,,,,,,,,,,,
MAP-TXT-S,9,,,,,,,,,,,,,,,,,,,
MAP-TXT-S2,1,,,,,,,,,,,,,,,,,,,
MAP-SYMB-S,150,,,,,,,,,,,,,,,,,,,
MAP-SYMB-TR,20,,,,,,,,,,,,,,,,,,,
LEGEND-TR,10,,,,,,,,,,,,,,,,,,,
MAP-NAV-TR,30,,,,,,,,,,,,,,,,,,,
MAP-TXT-ALL,TRUE,,,,,,,,,,,,,,,,,,,
MAP-TXT-Z,250,,,,,,,,,,,,,,,,,,,
MAP-UNIT,FALSE,,,,,,,,,,,,,,,,,,,
MAP-ND-TR,FALSE,,,,,,,,,,,,,,,,,,,
LEGEND-ED,TRUE,,,,,,,,,,,,,,,,,,,
LEGEND-EST,TRUE,,,,,,,,,,,,,,,,,,,
LEGEND-VAL,FALSE,,,,,,,,,,,,,,,,,,,
MAP-CLR0,0x08519C,,,,,,,,,,,,,,,,,,,
MAP-CLR1,0x3182BD,,,,,,,,,,,,,,,,,,,
MAP-CLR2,0x6BAED6,,,,,,,,,,,,,,,,,,,
MAP-CLR3,0xBDD7E7,,,,,,,,,,,,,,,,,,,
MAP-CLR4,0xEFF3FF,,,,,,,,,,,,,,,,,,,
MAP-CLR5,no color,,,,,,,,,,,,,,,,,,,
MAP-CLR6,no color,,,,,,,,,,,,,,,,,,,
MAP-CLR7,no color,,,,,,,,,,,,,,,,,,,
MAP-CLR8,no color,,,,,,,,,,,,,,,,,,,
MAP-BG-I,0xFFFFFF,,,,,,,,,,,,,,,,,,,
MAP-BG-O,0xFFFFFF,,,,,,,,,,,,,,,,,,,
MAP-BRDR,0x888888,,,,,,,,,,,,,,,,,,,
MAP-BRDR2,0x888888,,,,,,,,,,,,,,,,,,,
MAP-BRDR3,0x888888,,,,,,,,,,,,,,,,,,,
MAP-NTRL,0xEEEEEE,,,,,,,,,,,,,,,,,,,
MAP-ND,0xCCCCCC,,,,,,,,,,,,,,,,,,,
MAP-ND2,0xCCCCCC,,,,,,,,,,,,,,,,,,,
MAP-OVER,0xFFFF00,,,,,,,,,,,,,,,,,,,
MAP-LINE-CLR,0x000000,,,,,,,,,,,,,,,,,,,
MAP-S-CLR,0x111111,,,,,,,,,,,,,,,,,,,
MAP-S-BRDR-CLR,0xA2A2A2,,,,,,,,,,,,,,,,,,,
MAP-TXT-C1,0x000000,,,,,,,,,,,,,,,,,,,
MAP-TXT-C2,0xFFFFFF,,,,,,,,,,,,,,,,,,,
MAP-TXT-C2A,100,,,,,,,,,,,,,,,,,,,
GR-TXT-S,100,,,,,,,,,,,,,,,,,,,
V-I-COL,TRUE,,,,,,,,,,,,,,,,,,,
V-I-BAR,TRUE,,,,,,,,,,,,,,,,,,,
V-I-LINE,TRUE,,,,,,,,,,,,,,,,,,,
V-I-VBC,TRUE,,,,,,,,,,,,,,,,,,,
V-I-SCAT,TRUE,,,,,,,,,,,,,,,,,,,
V-I-SORT,TRUE,,,,,,,,,,,,,,,,,,,
GR-C-CLR,FALSE,,,,,,,,,,,,,,,,,,,
GR-BULLET,FALSE,,,,,,,,,,,,,,,,,,,
GR-DV,4,,,,,,,,,,,,,,,,,,,
GR-BRDR-T,0.5,,,,,,,,,,,,,,,,,,,
GR-WIDTH,auto,,,,,,,,,,,,,,,,,,,
GR-HEIGHT,157,,,,,,,,,,,,,,,,,,,
GR-GRID-T,0.5,,,,,,,,,,,,,,,,,,,
GR-MARGIN,10,,,,,,,,,,,,,,,,,,,
GR-LINE-T,1.5,,,,,,,,,,,,,,,,,,,
GR-TREND-T,0.5,,,,,,,,,,,,,,,,,,,
GR-TAR-T,1,,,,,,,,,,,,,,,,,,,
GR-TAR-VL,1,,,,,,,,,,,,,,,,,,,
GR-B-WIDTH,20,,,,,,,,,,,,,,,,,,,
GR-L-WIDTH,70,,,,,,,,,,,,,,,,,,,
GR-DOT-S,100,,,,,,,,,,,,,,,,,,,
GR-LABELS,1,,,,,,,,,,,,,,,,,,,
GR-LABELS2,TRUE,,,,,,,,,,,,,,,,,,,
GR-TRENDL,1,,,,,,,,,,,,,,,,,,,
GR-SORT,1,,,,,,,,,,,,,,,,,,,
GR-SORTL,1,,,,,,,,,,,,,,,,,,,
GR-A-TR,15,,,,,,,,,,,,,,,,,,,
GR-A-CLR,auto,,,,,,,,,,,,,,,,,,,
GR-BUL-CLR,0x000000,,,,,,,,,,,,,,,,,,,
GR-BG-CLR,0xFFFFFF,,,,,,,,,,,,,,,,,,,
GR-BRDR-CLR,0xA2A2A2,,,,,,,,,,,,,,,,,,,
GR-P-BRDR-CLR,0x777777,,,,,,,,,,,,,,,,,,,
GR-TREND-CLR,0x0078ff,,,,,,,,,,,,,,,,,,,
GR-TAR-CLR,0x333333,,,,,,,,,,,,,,,,,,,
GR-GRID-CLR,0xCCCCCC,,,,,,,,,,,,,,,,,,,
TB-G,FALSE,,,,,,,,,,,,,,,,,,,
TB-W,450,,,,,,,,,,,,,,,,,,,
TB-H,400,,,,,,,,,,,,,,,,,,,
TB-X,100,,,,,,,,,,,,,,,,,,,
TB-Y,80,,,,,,,,,,,,,,,,,,,
TB-C0-W,-,,,,,,,,,,,,,,,,,,,
TB-C1-W,-,,,,,,,,,,,,,,,,,,,
S-SCR,-,,,,,,,,,,,,,,,,,,,
WINSCALE,100,,,,,,,,,,,,,,,,,,,
MENU-H,17,,,,,,,,,,,,,,,,,,,
MENU-W,50,,,,,,,,,,,,,,,,,,,
INCL-CAT-TXT,FALSE,,,,,,,,,,,,,,,,,,,
HELP-O,TRUE,,,,,,,,,,,,,,,,,,,
POPUP-C,TRUE,,,,,,,,,,,,,,,,,,,
POPUP-CM,1,,,,,,,,,,,,,,,,,,,
POPUP-W,0,,,,,,,,,,,,,,,,,,,
BRDR-THCK,1,,,,,,,,,,,,,,,,,,,
GUI-R,12,,,,,,,,,,,,,,,,,,,
GUI-SP,7,,,,,,,,,,,,,,,,,,,
GUI-M,5,,,,,,,,,,,,,,,,,,,
GUI-M2,3.7,,,,,,,,,,,,,,,,,,,
GUI-BRDR-T,1,,,,,,,,,,,,,,,,,,,
WINTOP-HEIGHT,12.8,,,,,,,,,,,,,,,,,,,
IND-RH,33,,,,,,,,,,,,,,,,,,,
IND-W,170,,,,,,,,,,,,,,,,,,,
SEL-W,100,,,,,,,,,,,,,,,,,,,
SEL-M,60,,,,,,,,,,,,,,,,,,,
FONT-S,10,,,,,,,,,,,,,,,,,,,
FONT-P-S,10,,,,,,,,,,,,,,,,,,,
FONT-C2-TH,2,,,,,,,,,,,,,,,,,,,
FONT-C1,0x000000,,,,,,,,,,,,,,,,,,,
FONT-C2,0xFFFFFF,,,,,,,,,,,,,,,,,,,
GUI-BODY-CLR,0xFFFFFF,,,,,,,,,,,,,,,,,,,
GUI-BODY2-CLR,0xEEEEEE,,,,,,,,,,,,,,,,,,,
GUI-BODY3-CLR,0xFFFFFF,,,,,,,,,,,,,,,,,,,
GUI-TOP-CLR,0x838383,,,,,,,,,,,,,,,,,,,
GUI-BRDR-CLR,0xA2A2A2,,,,,,,,,,,,,,,,,,,
GUI-BRDR-CLR2,0xe0e0e0,,,,,,,,,,,,,,,,,,,
BTN-CLR1,0x838383,,,,,,,,,,,,,,,,,,,
BTN-CLR2,0x6C6C6C,,,,,,,,,,,,,,,,,,,
BTN-CLR3,0xFFFFFF,,,,,,,,,,,,,,,,,,,
GUI-CLR-H1a,0xFFFFC8,,,,,,,,,,,,,,,,,,,
GUI-CLR-H1b,0xFFFF5B,,,,,,,,,,,,,,,,,,,
GUI-CLR-H2,0xFFFF00,,,,,,,,,,,,,,,,,,,
POPUP-CLR1,0xfbfba4,,,,,,,,,,,,,,,,,,,
POPUP-CLR2,0xFFFFFF,,,,,,,,,,,,,,,,,,,
BTN-CLR-B1,0xFEEF6B,,,,,,,,,,,,,,,,,,,
BTN-CLR-B2,0xFEAD6B,,,,,,,,,,,,,,,,,,,
BTN-CLR-B3,0xFFFFFF,,,,,,,,,,,,,,,,,,,
BTN-CLR-V,0xFFFFFF,,,,,,,,,,,,,,,,,,,
BTN-CLR-T,0xBDD7E7,,,,,,,,,,,,,,,,,,,
BTN-CLR-S,0xFFFF5B,,,,,,,,,,,,,,,,,,,
EXPLANG,php,,,,,,,,,,,,,,,,,,,
IMSIZE,1024,,,,,,,,,,,,,,,,,,,
IMTYPE,1,,,,,,,,,,,,,,,,,,,
IMMARGIN,10,,,,,,,,,,,,,,,,,,,
IMQUAL,85,,,,,,,,,,,,,,,,,,,
DEFAULT-YR,-,,,,,,,,,,,,,,,,,,,
ANI-TIME,0.8,,,,,,,,,,,,,,,,,,,
DECPLACES,1,,,,,,,,,,,,,,,,,,,
DECPLACES2,2,,,,,,,,,,,,,,,,,,,
T_SEP,",",,,,,,,,,,,,,,,,,,,
ADJSCALE1,TRUE,,,,,,,,,,,,,,,,,,,
ADJSCALE2,TRUE,,,,,,,,,,,,,,,,,,,
ADJSCALE3,FALSE,,,,,,,,,,,,,,,,,,,
M-DOT,TRUE,,,,,,,,,,,,,,,,,,,
M-DOT-SIZE,6,,,,,,,,,,,,,,,,,,,
M-DOT-COORD,-,,,,,,,,,,,,,,,,,,,
M-DOT-TR,40,,,,,,,,,,,,,,,,,,,
LOG,TRUE,,,,,,,,,,,,,,,,,,,
MOD-COMP,TRUE,,,,,,,,,,,,,,,,,,,
MOD-COMP-S,TRUE,,,,,,,,,,,,,,,,,,,
MOD-COMP-T,1,,,,,,,,,,,,,,,,,,,
MOD-INDEX,FALSE,,,,,,,,,,,,,,,,,,,
MOD-SEARCH,TRUE,,,,,,,,,,,,,,,,,,,
MOD-GA,UA-00000-00,,,,,,,,,,,,,,,,,,,
V-GROUP,TRUE,,,,,,,,,,,,,,,,,,,
FEED-URL,-,,,,,,,,,,,,,,,,,,,
LOGO-N,logo.swf,,,,,,,,,,,,,,,,,,,
LOGO-S,100,,,,,,,,,,,,,,,,,,,
LOGO-T,-,,,,,,,,,,,,,,,,,,,
SITE-L,-,,,,,,,,,,,,,,,,,,,
SITE-URL,-,,,,,,,,,,,,,,,,,,,
T_GR-OPT,Graph options,,,,,,,,,,,,,,,,,,,
T_GR-SORT,Sort bar chart,,,,,,,,,,,,,,,,,,,
T_GR-SORTL,Sort labels,,,,,,,,,,,,,,,,,,,
T_GR-SORT1,Sort lowest to highest,,,,,,,,,,,,,,,,,,,
T_GR-SORT2,Sort highest to lowest,,,,,,,,,,,,,,,,,,,
T_GR-SORT3,Sort highest to lowest - from middle,,,,,,,,,,,,,,,,,,,
T_GR-SORT4,Sort alphabetical,,,,,,,,,,,,,,,,,,,
T_GR-SORT5,Sort highest to lowest based on average,,,,,,,,,,,,,,,,,,,
T_GR-TREND1,Show trendline,,,,,,,,,,,,,,,,,,,
T_GR-TREND2,Hide trendline,,,,,,,,,,,,,,,,,,,
T_GR-TRAIL,Show trails,,,,,,,,,,,,,,,,,,,
T_GR-SCALE1,Bubble size,,,,,,,,,,,,,,,,,,,
T_GR-SCALE2,scale according to indicator,,,,,,,,,,,,,,,,,,,
T_GR-SCALE3,Same size,,,,,,,,,,,,,,,,,,,
T_GR-SLOPE,Slope,,,,,,,,,,,,,,,,,,,
T_GR-SCAT,Show scatter plot,,,,,,,,,,,,,,,,,,,
T_GR-LINE,Show time series graph,,,,,,,,,,,,,,,,,,,
T_GR-COL,Show column chart,,,,,,,,,,,,,,,,,,,
T_GR-BAR,Show bar chart,,,,,,,,,,,,,,,,,,,
T_GR-col,Show vertical bubble chart,,,,,,,,,,,,,,,,,,,
T_GR-SIZE1,Full screen graph,,,,,,,,,,,,,,,,,,,
T_GR-SIZE2,Reduce graph size,,,,,,,,,,,,,,,,,,,
T_TAR,Target,,,,,,,,,,,,,,,,,,,
T_GR-START,-,,,,,,,,,,,,,,,,,,,
T_GR-SEL,Click on a state to select it,,,,,,,,,,,,,,,,,,,
T_GR-YAXIS,Please select a y-axis indicator,,,,,,,,,,,,,,,,,,,
T_GRAPH,Graph/Chart,,,,,,,,,,,,,,,,,,,
T_TABLE,Data table,,,,,,,,,,,,,,,,,,,
T_MAP-SYMB,Proportional symbol map,,,,,,,,,,,,,,,,,,,
T_OPTIONS,Options and appearance,,,,,,,,,,,,,,,,,,,
T_EMAIL,Send us your comments and feedback,,,,,,,,,,,,,,,,,,,
T_EMAILS,Feedback,,,,,,,,,,,,,,,,,,,
T_EMAILB,Thank you for your feedback. Please keep the current subject line if your comment relates to this topic.,,,,,,,,,,,,,,,,,,,
T_LINK,Copy and share link to current indicator,,,,,,,,,,,,,,,,,,,
T_LINK2,Link copied,,,,,,,,,,,,,,,,,,,
T_FULLSCR1,Switch to full screen mode,,,,,,,,,,,,,,,,,,,
T_SEL,Selection panel,,,,,,,,,,,,,,,,,,,
T_FULLSCR2,Close full screen,,,,,,,,,,,,,,,,,,,
T_CAT,Category,,,,,,,,,,,,,,,,,,,
T_CAT2,Select a category,,,,,,,,,,,,,,,,,,,
T_REG,Select a region,,,,,,,,,,,,,,,,,,,
T_REG1,All regions,,,,,,,,,,,,,,,,,,,
T_REG2,Custom region,,,,,,,,,,,,,,,,,,,
T_SEL-INDIC,Select an indicator,,,,,,,,,,,,,,,,,,,
T_BOOKM1,Bookmarked indicator,,,,,,,,,,,,,,,,,,,
T_BOOKM2,Bookmark selected indicator,,,,,,,,,,,,,,,,,,,
T_SOURCE1,Source,,,,,,,,,,,,,,,,,,,
T_MAP-POPUP,Click for state data,,,,,,,,,,,,,,,,,,,
T_SAVE1,Please wait...saving image,,,,,,,,,,,,,,,,,,,
T_MAP,Map,,,,,,,,,,,,,,,,,,,
T_MAP-TXT-S,Map font size,,,,,,,,,,,,,,,,,,,
T_MAP-SYMB-S,Map symbol size,,,,,,,,,,,,,,,,,,,
T_LEGEND-EST,Legend: estimate best value distribution,,,,,,,,,,,,,,,,,,,
T_LEGEND-VAL,Legend: show maximum & minimum values,,,,,,,,,,,,,,,,,,,
T_MAP-CLR,Map colors,,,,,,,,,,,,,,,,,,,
T_MAP-BG-I,Background gradient 1,,,,,,,,,,,,,,,,,,,
T_MAP-BG-O,Background gradient 2,,,,,,,,,,,,,,,,,,,
T_MAP-BRDR,Borders,,,,,,,,,,,,,,,,,,,
T_MAP-EXCL,Map - Excluded,,,,,,,,,,,,,,,,,,,
T_MAP-ND,Map - No Data,,,,,,,,,,,,,,,,,,,
T_MAP-OVER,Map - Mouse over,,,,,,,,,,,,,,,,,,,
T_MAP-S,Symbol color,,,,,,,,,,,,,,,,,,,
T_MAP-S-BRDR,Symbol border color,,,,,,,,,,,,,,,,,,,
T_MAP-TXT-C1,Text,,,,,,,,,,,,,,,,,,,
T_MAP-TXT-C2,Text outline (stroke),,,,,,,,,,,,,,,,,,,
T_CLR-PICKER,Color picker,,,,,,,,,,,,,,,,,,,
T_SEQ,Sequential,,,,,,,,,,,,,,,,,,,
T_DIV,Diverging,,,,,,,,,,,,,,,,,,,
T_GR-AXIS,Axis unit / interval,,,,,,,,,,,,,,,,,,,
T_GR-BRDR-T,Border thickness,,,,,,,,,,,,,,,,,,,
T_GR-GRID-T,Grid line thickness,,,,,,,,,,,,,,,,,,,
T_GR-LABELS,Always show graph labels,,,,,,,,,,,,,,,,,,,
T_GR-MARGIN,Margin size,,,,,,,,,,,,,,,,,,,
T_GR-TXT-S,Graph text size,,,,,,,,,,,,,,,,,,,
T_GR-DOT-S,Size of bubbles,,,,,,,,,,,,,,,,,,,
T_GR-A-TR,Transparency,,,,,,,,,,,,,,,,,,,
T_GR-CLR,Graph colors,,,,,,,,,,,,,,,,,,,
T_GR-A-CLR,Area (bars / points),,,,,,,,,,,,,,,,,,,
T_GR-BG-CLR,Background,,,,,,,,,,,,,,,,,,,
T_GR-BRDR-CLR,Borders,,,,,,,,,,,,,,,,,,,
T_GR-P-BRDR-CLR,Bubble borders,,,,,,,,,,,,,,,,,,,
T_GR-BUL,Bullet graph,,,,,,,,,,,,,,,,,,,
T_GR-GRID-CLR,Grid,,,,,,,,,,,,,,,,,,,
T_GEN,General,,,,,,,,,,,,,,,,,,,
T_ANI-TIME,Animation duration (sec.),,,,,,,,,,,,,,,,,,,
T_DECPLACE,Decimal places,,,,,,,,,,,,,,,,,,,
T_ADJ,Adjust map/graph scale,,,,,,,,,,,,,,,,,,,
T_ADJ-I,on changing indicator,,,,,,,,,,,,,,,,,,,
T_ADJ-R,on changing region,,,,,,,,,,,,,,,,,,,
T_ADJ-Y,on changing year,,,,,,,,,,,,,,,,,,,
T_VALUES,Use values,,,,,,,,,,,,,,,,,,,
T_SAVE,Export,,,,,,,,,,,,,,,,,,,
T_IMTYPE,Image type,,,,,,,,,,,,,,,,,,,
T_IMSIZE,Image width (pixels),,,,,,,,,,,,,,,,,,,
T_IMQUAL,Image quality (% / JPEG only),,,,,,,,,,,,,,,,,,,
T_SELECT,Create a custom region with selection,,,,,,,,,,,,,,,,,,,
T_SELECTA,Select all,,,,,,,,,,,,,,,,,,,
T_SHIFT,Hold the SHIFT key to select multiple regions,,,,,,,,,,,,,,,,,,,
T_REMOVE,Remove selected,,,,,,,,,,,,,,,,,,,
T_DESEL,Deselect all,,,,,,,,,,,,,,,,,,,
T_REFRESH,Refresh selection list,,,,,,,,,,,,,,,,,,,
T_HEADER,State,,,,,,,,,,,,,,,,,,,
T_HEADERG,Region,,,,,,,,,,,,,,,,,,,
T_PASTE,Paste data in the following box (CTRL + V),,,,,,,,,,,,,,,,,,,
T_IMPORT,Imported data,,,,,,,,,,,,,,,,,,,
T_TABLE_D,Show all years,,,,,,,,,,,,,,,,,,,
T_TABLE_I,Show all indicators,,,,,,,,,,,,,,,,,,,
T_TABLE-C1,Copy table data,,,,,,,,,,,,,,,,,,,
T_TABLE-C2,Go to Excel and select - Edit -> Paste. You can also paste the data in a text editor such as Notepad; save the file with the extension .html and open the file in a Web Browser.,,,,,,,,,,,,,,,,,,,
T_TABLE-S1,Save (export) table data,,,,,,,,,,,,,,,,,,,
T_TABLE-S2,File format .CSV (can be opened by most spreadsheets and database software),,,,,,,,,,,,,,,,,,,
T_LOG,Log,,,,,,,,,,,,,,,,,,,
T_LIN,Linear,,,,,,,,,,,,,,,,,,,
T_LOGa,Convert axis to use a log scale,,,,,,,,,,,,,,,,,,,
T_LOGb,Convert axis to use a linear scale,,,,,,,,,,,,,,,,,,,
T_TOTAL,Total,,,,,,,,,,,,,,,,,,,
T_MEAN,Mean,,,,,,,,,,,,,,,,,,,
T_PRCNTILE,Percentile,,,,,,,,,,,,,,,,,,,
T_STDEV,StDev,,,,,,,,,,,,,,,,,,,
T_RANGE,Range,,,,,,,,,,,,,,,,,,,
T_TO,to,,,,,,,,,,,,,,,,,,,
T_VIEW,Show / hide,,,,,,,,,,,,,,,,,,,
T_VIEW0,Map area labels,,,,,,,,,,,,,,,,,,,
T_VIEW1,Abbreviation,,,,,,,,,,,,,,,,,,,
T_VIEW2,ISO Code,,,,,,,,,,,,,,,,,,,
T_VIEW3,Name,,,,,,,,,,,,,,,,,,,
T_VIEW4,Value / Label,,,,,,,,,,,,,,,,,,,
T_VIEW5,Popup,,,,,,,,,,,,,,,,,,,
T_VIEW6,Bar chart,,,,,,,,,,,,,,,,,,,
T_VIEW7,Indicator name,,,,,,,,,,,,,,,,,,,
T_VIEW8,All indicators,,,,,,,,,,,,,,,,,,,
T_VIEW9,Symbol map,,,,,,,,,,,,,,,,,,,
T_VIEW10,Panels,,,,,,,,,,,,,,,,,,,
T_VIEW11,Graph,,,,,,,,,,,,,,,,,,,
T_VIEW12,Indicators,,,,,,,,,,,,,,,,,,,
T_VIEW13,Map legend,,,,,,,,,,,,,,,,,,,
T_VIEW14,Options,,,,,,,,,,,,,,,,,,,
T_VIEW15,Select,,,,,,,,,,,,,,,,,,,
T_VIEW16,Table,,,,,,,,,,,,,,,,,,,
T_VIEW17,Graph labels,,,,,,,,,,,,,,,,,,,
T_EXP-M,Export map,,,,,,,,,,,,,,,,,,,
T_EXP-D,Export data,,,,,,,,,,,,,,,,,,,
T_EXP-C,Export composite indicator,,,,,,,,,,,,,,,,,,,
T_EXP-CT,Composite indicator,,,,,,,,,,,,,,,,,,,
T_EXP-G,Export graph,,,,,,,,,,,,,,,,,,,
T_COMPOSITE1,Custom composite indicators,,,,,,,,,,,,,,,,,,,
T_COMPOSITE2,Create composite indicator,,,,,,,,,,,,,,,,,,,
T_COMPOSITE3,Remove all,,,,,,,,,,,,,,,,,,,
T_COMPOSITE4,Selected indicators have no dates in common,,,,,,,,,,,,,,,,,,,
T_COMPOSITE5,Create Composite,,,,,,,,,,,,,,,,,,,
T_NORMAL,Normalisation,,,,,,,,,,,,,,,,,,,
T_NORMAL1,Min-Max,,,,,,,,,,,,,,,,,,,
T_NORMAL1b,Max-Min,,,,,,,,,,,,,,,,,,,
T_NORMAL2,Ranking,,,,,,,,,,,,,,,,,,,
T_NORMAL3,Ranking - reversed,,,,,,,,,,,,,,,,,,,
T_NORMAL4,Distance to reference,,,,,,,,,,,,,,,,,,,
T_IND_REM,Remove selected indicator,,,,,,,,,,,,,,,,,,,
T_DATE_REM,Remove selected date,,,,,,,,,,,,,,,,,,,
T_IND_CLR,Clear all indicators,,,,,,,,,,,,,,,,,,,
T_WEIGHT,Weight,,,,,,,,,,,,,,,,,,,
T_COPYD,Copy data,,,,,,,,,,,,,,,,,,,
T_COPYML,Copy map legend,,,,,,,,,,,,,,,,,,,
T_COPYMC,Copy map coordinates,,,,,,,,,,,,,,,,,,,
T_COPYT,Copy map text label coordinates,,,,,,,,,,,,,,,,,,,
T_COPYMP,Copy map point coordinates,,,,,,,,,,,,,,,,,,,
T_MOVET,Move text labels or map points,,,,,,,,,,,,,,,,,,,
T_MOVET2,Stop moving text labels or map points,,,,,,,,,,,,,,,,,,,
T_COPYI,Create and copy index of links (HTML),,,,,,,,,,,,,,,,,,,
T_CLOSE,Close StatPlanet,,,,,,,,,,,,,,,,,,,
T_CLOSE2,Close,,,,,,,,,,,,,,,,,,,
T_MENU,-,,,,,,,,,,,,,,,,,,,
T_EDIT,Edit,,,,,,,,,,,,,,,,,,,
T_LOADING,Loading data,,,,,,,,,,,,,,,,,,,
T_MLN,million,,,,,,,,,,,,,,,,,,,
T_NAME,Name,,,,,,,,,,,,,,,,,,,
T_OPTIONS-M,More options,,,,,,,,,,,,,,,,,,,
T_ND,No data,,,,,,,,,,,,,,,,,,,
T_OK,OK,,,,,,,,,,,,,,,,,,,
T_RESET,Reset to original values,,,,,,,,,,,,,,,,,,,
T_SELR,Select all within this data range,,,,,,,,,,,,,,,,,,,
T_SEARCH,Search,,,,,,,,,,,,,,,,,,,
T_TND,thousand,,,,,,,,,,,,,,,,,,,
T_PLAY,Play from beginning,,,,,,,,,,,,,,,,,,,
T_STOP,Stop,,,,,,,,,,,,,,,,,,,
T_YEAR,Year,,,,,,,,,,,,,,,,,,,
T_H-IND,Currently selected indicator,,,,,,,,,,,,,,,,,,,
T_H-CAT,Select a category,,,,,,,,,,,,,,,,,,,
T_H-REG,Select a region,,,,,,,,,,,,,,,,,,,
T_H-YR,Select a time-period or play animation over time,,,,,,,,,,,,,,,,,,,
T_PANELINDICATORS,This is the category & indicator selection panel. Click on the star icon to bookmark the selected indicator.,,,,,,,,,,,,,,,,,,,
T_PANELBOOKMARKS,This panel shows the bookmarked indicator. It is the x-axis variable if the scatterplot graph is selected.,,,,,,,,,,,,,,,,,,,
T_PANELCOMPOSITE,Select any indicators from the list on the left-hand side to create a composite indicator. Click on a selected indicator on the right-hand side for more options. Then optionally give your composite indicator a name and click on 'Create composite indicator'.,,,,,,,,,,,,,,,,,,,
T_PANELGRAPHS,In this panel you can select the graph type. You can also customize the graph and change the x and y axis values.,,,,,,,,,,,,,,,,,,,
T_PANELLEGEND,Click on any of the colors or values to change the map colors or values ranges.,,,,,,,,,,,,,,,,,,,
T_PANELLEGEND2,This panel shows the values represented by symbols of various sizes.,,,,,,,,,,,,,,,,,,,
T_PANELTABLE,"This table displays the data for the currently selected indicator, as well as the bookmarked indicator - if any. In addition, data for all indicators in the current category and/or for the whole time series can also be shown.",,,,,,,,,,,,,,,,,,,
T_PANELSELECT,"Click to select or deselect an item. To narrow down to the selection, click on the 'select' button.",,,,,,,,,,,,,,,,,,,
T_PANELOPTIONS,"This panel contains various options to customize the graph and the map, such as colors and text size.",,,,,,,,,,,,,,,,,,,
T_PANELOPTIONS2,This panel enables you to customize the map colors. Select a 'diverging' color scheme to emphasize both high and low values.,,,,,,,,,,,,,,,,,,,
T_PANELEXPORT,"Export the selected indicator either as a map, graph or table.",,,,,,,,,,,,,,,,,,,
T_PANELCOUNTRY,This panel provides links to publications relevant to the selected state.,,,,,,,,,,,,,,,,,,,
,,,,,,,,,,,,,,,,,,,,
NAMES,,,,,,,,,,,,,,,,,,,,
Alabama,,,,,,,,,,,,,,,,,,,,
Alaska,,,,,,,,,,,,,,,,,,,,
Arizona,,,,,,,,,,,,,,,,,,,,
Arkansas,,,,,,,,,,,,,,,,,,,,
California,,,,,,,,,,,,,,,,,,,,
Colorado,,,,,,,,,,,,,,,,,,,,
Connecticut,,,,,,,,,,,,,,,,,,,,
Delaware,,,,,,,,,,,,,,,,,,,,
District of Columbia,,,,,,,,,,,,,,,,,,,,
Florida,,,,,,,,,,,,,,,,,,,,
Georgia,,,,,,,,,,,,,,,,,,,,
Hawaii,,,,,,,,,,,,,,,,,,,,
Idaho,,,,,,,,,,,,,,,,,,,,
Illinois,,,,,,,,,,,,,,,,,,,,
Indiana,,,,,,,,,,,,,,,,,,,,
Iowa,,,,,,,,,,,,,,,,,,,,
Kansas,,,,,,,,,,,,,,,,,,,,
Kentucky,,,,,,,,,,,,,,,,,,,,
Louisiana,,,,,,,,,,,,,,,,,,,,
Maine,,,,,,,,,,,,,,,,,,,,
Maryland,,,,,,,,,,,,,,,,,,,,
Massachusetts,,,,,,,,,,,,,,,,,,,,
Michigan,,,,,,,,,,,,,,,,,,,,
Minnesota,,,,,,,,,,,,,,,,,,,,
Mississippi,,,,,,,,,,,,,,,,,,,,
Missouri,,,,,,,,,,,,,,,,,,,,
Montana,,,,,,,,,,,,,,,,,,,,
Nebraska,,,,,,,,,,,,,,,,,,,,
Nevada,,,,,,,,,,,,,,,,,,,,
New Hampshire,,,,,,,,,,,,,,,,,,,,
New Jersey,,,,,,,,,,,,,,,,,,,,
New Mexico,,,,,,,,,,,,,,,,,,,,
New York,,,,,,,,,,,,,,,,,,,,
North Carolina,,,,,,,,,,,,,,,,,,,,
North Dakota,,,,,,,,,,,,,,,,,,,,
Ohio,,,,,,,,,,,,,,,,,,,,
Oklahoma,,,,,,,,,,,,,,,,,,,,
Oregon,,,,,,,,,,,,,,,,,,,,
Pennsylvania,,,,,,,,,,,,,,,,,,,,
Rhode Island,,,,,,,,,,,,,,,,,,,,
South Carolina,,,,,,,,,,,,,,,,,,,,
South Dakota,,,,,,,,,,,,,,,,,,,,
Tennessee,,,,,,,,,,,,,,,,,,,,
Texas,,,,,,,,,,,,,,,,,,,,
Utah,,,,,,,,,,,,,,,,,,,,
Vermont,,,,,,,,,,,,,,,,,,,,
Virginia,,,,,,,,,,,,,,,,,,,,
Washington,,,,,,,,,,,,,,,,,,,,
West Virginia,,,,,,,,,,,,,,,,,,,,
Wisconsin,,,,,,,,,,,,,,,,,,,,
Wyoming,,,,,,,,,,,,,,,,,,,,
